"marker","A","BCE","D","F","G","H"
"JAX00725015","C","C","C","C","A","C"
"JAX00725028","A","A","G","A","A","G"
"JAX00725029","T","T","A","T","T","A"
"JAX00725036","T","T","C","T","T","C"
"JAX00725042","A","A","C","C","C","C"
"JAX00725048","A","A","G","A","A","G"
"JAX00725057","C","C","C","C","G","C"
"JAX00725070","C","T","T","T","T","T"
"JAX00725071","T","T","A","A","A","A"
"JAX00725083","C","C","C","C","C","G"
"JAX00725085","A","A","A","A","G","A"
"JAX00725087","T","T","C","T","T","C"
"JAX00725093","T","T","C","T","T","C"
