"marker","ABCD","E","F","G","H"
"Mit001","G","A","A","A","G"
"Mit002","G","T","T","T","G"
"Mit003","A","A","C","C","A"
"Mit004","C","C","T","T","C"
"Mit0041","C","C","T","T","C"
"Mit0042","T","A","A","A","T"
"Mit0050","G","G","G","G","A"
"Mit0051","T","C","C","C","T"
"Mit006","T","T","C","T","T"
"Mit007","C","C","C","T","C"
"Mit010","A","A","G","G","A"
"Mit011","G","A","A","A","A"
"Mit012","T","T","C","T","T"
"Mit013","C","C","A","A","A"
"Mit019","G","G","G","G","A"
"Mit020","T","T","T","T","C"
"Mit027","G","A","G","A","G"
"Mit028","C","T","C","C","C"
"Mit029","C","T","T","C","C"
"Mit031","T","T","T","T","C"
